{"packages/cupertino_icons/assets/CupertinoIcons.ttf":["packages/cupertino_icons/assets/CupertinoIcons.ttf"],"assets/Feature%20Graphics%20v1.jpg":["assets/Feature%20Graphics%20v1.jpg"],"assets/Location_icon_black.jpg":["assets/Location_icon_black.jpg"],"assets/Location_icon_red.png":["assets/Location_icon_red.png"],"assets/black_bgr.jpg":["assets/black_bgr.jpg"],"assets/car_icon.png":["assets/car_icon.png"],"assets/car_icon1.jpg":["assets/car_icon1.jpg"],"assets/car_icon2.jpg":["assets/car_icon2.jpg"],"assets/earth.jpg":["assets/earth.jpg"],"assets/earth1.jpg":["assets/earth1.jpg"],"assets/earth2.lnk":["assets/earth2.lnk"],"assets/earth_nobng.jpg":["assets/earth_nobng.jpg"],"assets/map_icon&location.png":["assets/map_icon&location.png"],"assets/map_icon&location1.png":["assets/map_icon&location1.png"]}